Activity Name,Group,Teacher,Assessment Type,Start Date,Draft Date,Due Date
12 Economics - IA 3,Economics 12 12 A,Mr N Woods,webBook,10/07/2023 08:00aa,,11/07/2023 10:00aa
11 Economics - FIA 3,Economics 11 11 A,Mr N Woods,webBook,10/07/2023 09:00aa,,11/07/2023 11:00aa
12Lit IA3 - Final Imaginative Written Response,Literature 12 12 A,Ms N Styles,webBook,02/06/2023 12:02aa,,14/07/2023 04:00aa
12Lit IA3 - Final Imaginative Written Response,Literature 12 12 B,Mrs J Bryce,webBook,02/06/2023 12:02aa,,14/07/2023 04:00aa
12BUS IA3 Feasibility Report,Business 12 12 A,Ms K Diehm,webBook,15/06/2023 09:14aa,15/06/2023 09:20aa,14/07/2023 04:00aa
8 JPN Intercultural Reflective Journal,Japanese 08 8 B,Ms J Peterson,webBook,10/07/2023 12:30aa,,18/07/2023 09:00aa
8 JPN Intercultural Reflective Journal,Japanese 08 8 C,Ms A Van Rosmalen,webBook,10/07/2023 12:30aa,,18/07/2023 01:00aa
8 JPN Intercultural Reflective Journal,Japanese 08 8 A,Ms J Peterson,webBook,10/07/2023 12:30aa,,20/07/2023 04:00aa
IA3 Psychology RI,Psychology 12 12 B,Mr D Hylton,webBook,01/06/2023 09:34aa,09/06/2023 09:34aa,21/07/2023 04:30aa
12PSY IA3: Research Investigation,Psychology 12 12 A,Mrs P Dellapina,webBook,02/05/2023 09:15aa,09/06/2023 04:00aa,21/07/2023 04:00aa
12ACC-IA3-Project,Accounting 12 12 A,Mr M Kremmer,webBook,05/06/2023 09:36aa,14/07/2023 11:59aa,21/07/2023 11:59aa
FIA3 Prac task,Modern History 11 11 A,Dr M Portch,Homework,12/07/2023 10:08aa,,24/07/2023 12:45aa
IA3 Prac Task - Social War,Ancient History 12 12 A,Dr M Portch,Homework,14/07/2023 02:31aa,,24/07/2023 11:45aa
Eng & Lit Ext Unit 4.1 IA3 Draft Extended Response - Academic Research Paper,English & Literature Extension 12 A,Mrs J Bryce,Not Assessable,13/06/2023 11:21aa,,27/07/2023 09:00aa
IA3 - Argumentative Essay,Legal Studies 12 12 A,Mrs N Kohn,webBook,01/06/2023 09:00aa,13/07/2023 04:00aa,27/07/2023 04:00aa
12BIO IA3 - Research Investigation,Biology 12 12 C,Mr J O'Hare,webBook,29/05/2023 03:03aa,14/07/2023 09:00aa,28/07/2023 09:00aa
12BIO IA3 - Research Investigation,Biology 12 12 B,Mr J O'Hare,webBook,29/05/2023 03:03aa,14/07/2023 09:00aa,28/07/2023 09:00aa
12BIO IA3 - Research Investigation,Biology 12 12 A,Miss C Litherland,webBook,29/05/2023 03:03aa,14/07/2023 09:00aa,28/07/2023 09:00aa
12BIO IA3 - Research Investigation,Biology 12 12 A,Miss C Litherland,Not Assessable,11/07/2023 01:52aa,14/07/2023 09:00aa,28/07/2023 09:00aa
12BIO IA3 - Research Investigation,Biology 12 12 B,Mr J O'Hare,Not Assessable,11/07/2023 01:52aa,14/07/2023 09:00aa,28/07/2023 09:00aa
12BIO IA3 - Research Investigation,Biology 12 12 C,Mr J O'Hare,Not Assessable,11/07/2023 01:52aa,14/07/2023 09:00aa,28/07/2023 09:00aa
IA3 - Analytical Exposition: Respectful Relationships in the Post-Schooling Transition,Health 12 12 A,Ms E Ball,webBook,08/06/2023 07:59aa,14/07/2023 12:45aa,28/07/2023 12:45aa
12CHEM: IA3 Research Investigation,Chemistry 12 A,Mrs L McPherson,webBook,23/05/2023 09:00aa,,28/07/2023 04:00aa
12CHEM: IA3 Research Investigation,Chemistry 12 B,Mrs L McPherson,webBook,23/05/2023 09:00aa,,28/07/2023 04:00aa
12MUX IA3 Composition,Music Extension 12 A,Mr T Weal,webBook,05/06/2023 09:00aa,14/07/2023 04:00aa,31/07/2023 04:00aa
12MUX IA3 Performance,Music Extension 12 A,Mr T Weal,webBook,05/06/2023 09:00aa,14/07/2023 04:00aa,31/07/2023 04:00aa
12MUS IA3 Musicology/Performance,Music 12 12 A,Mr T Weal,webBook,05/06/2023 09:00aa,14/07/2023 04:00aa,31/07/2023 04:00aa
12 GEO IA3- Investigation Data Report,Geography 12 12 A,Mrs S Hill,webBook,05/06/2023 09:00aa,14/07/2023 11:45aa,31/07/2023 06:00aa
12DES - IA3 Sustainable Design Project,Design 12 12 A,Mr T Osborne,webBook,30/05/2023 02:05aa,17/07/2023 02:05aa,02/08/2023 03:00aa
"12PE IA3 - Energy, Fitness & Training integrated with Touch Football Multimodal",Physical Education 12 A,Miss C Litherland,Not Assessable,11/07/2023 01:56aa,21/07/2023 09:00aa,04/08/2023 09:00aa
"12PE IA3 - Energy, Fitness & Training integrated with Touch Football Multimodal",Physical Education 12 B,Mrs C Wise,Not Assessable,11/07/2023 01:56aa,21/07/2023 09:00aa,04/08/2023 09:00aa
12DIS-IA3-Project-Digital Solution,Digital Solutions 12 12 A,Mr D Fenwick,webBook,01/06/2023 02:31aa,15/06/2023 10:45aa,04/08/2023 04:00aa
12PHY IA3: Research Task,Physics 12 A,Dr D Jakovovic Herckenrath,webBook,02/06/2023 03:16aa,21/07/2023 04:00aa,04/08/2023 04:00aa
"12PE IA3 - Fitness, Training & Energy integrated with Touch Football Multimodal",Physical Education 12 A,Miss C Litherland,webBook,29/05/2023 09:00aa,21/07/2023 04:00aa,04/08/2023 04:00aa
"12PE IA3 - Fitness, Training & Energy integrated with Touch Football Multimodal",Physical Education 12 B,Mrs C Wise,webBook,29/05/2023 09:00aa,21/07/2023 04:00aa,04/08/2023 04:00aa
Eng & Lit Ext Unit 4.1 IA3 Final Extended Response - Academic Research Paper,English & Literature Extension 12 A,Mrs J Bryce,webBook,13/06/2023 11:23aa,,07/08/2023 09:00aa
12VAR_IA3 Body of Work,Visual Art 12 12 A,Ms K Ward,webBook,10/07/2023 09:00aa,14/07/2023 05:00aa,08/08/2023 05:00aa
07MUS Performance,Music 07 7 6,Ms C Sharp,webBook,12/07/2023 09:54aa,,09/08/2023 03:00aa
10 IPE - Energy Systems and AFL Multimodal,Intro Senior PE 10 10 B,Ms C Woodgate,webBook,05/06/2023 09:00aa,26/07/2023 09:00aa,14/08/2023 09:00aa
10 IPE - Energy Systems and AFL Multimodal,Intro Senior PE 10 10 A,Mrs C Wise,webBook,05/06/2023 09:00aa,26/07/2023 09:00aa,14/08/2023 09:00aa
10 IPE - Energy Systems and AFL Multimodal,Intro Senior PE 10 10 A,Mrs C Wise,webBook,14/07/2023 01:20aa,26/07/2023 09:00aa,14/08/2023 09:00aa
10 IPE - Energy Systems and AFL Multimodal,Intro Senior PE 10 10 B,Mr M Hall,webBook,14/07/2023 01:20aa,26/07/2023 09:00aa,14/08/2023 09:00aa
Literature FIA3 Digital Story,Literature 11 11 B,Ms N Styles,webBook,13/06/2023 08:00aa,28/07/2023 04:00aa,14/08/2023 04:00aa
12AHI IA3 - Research Essay,Ancient History 12 12 A,Dr M Portch,webBook,11/07/2023 12:34aa,08/08/2023 11:59aa,16/08/2023 11:59aa
11MHIS-FIA3-Essay,Modern History 11 11 A,Dr M Portch,webBook,18/07/2023 09:00aa,11/08/2023 11:45aa,24/08/2023 11:45aa
IA3 - PSMT written report,Essential Mathematics 12 12 A,Ms J Colwell,Not Assessable,21/07/2023 01:30aa,11/08/2023 01:30aa,25/08/2023 02:00aa
11PE Topic 2 - Sports Psychology and Touch Football,Physical Education 11 A,Mr T Hughes,webBook,14/07/2023 11:00aa,14/08/2023 09:00aa,28/08/2023 09:00aa
FIA3 Research Task,Chemistry 11 A,Ms J Colwell,Not Assessable,12/07/2023 01:36aa,,30/08/2023 02:00aa
8 Health - Mental Wellbeing,Health 08 8 G1,Ms E Ball,Not Assessable,15/07/2023 05:47aa,25/08/2023 11:05aa,04/09/2023 09:00aa
8 Health - Mental Wellbeing,Health 08 8 R1,Ms E Ball,Not Assessable,15/07/2023 05:47aa,24/08/2023 02:25aa,04/09/2023 09:00aa
07HPE Game Creation Booklet,Health & PE 07 7 G,Mr T Hughes,webBook,24/07/2023 08:00aa,,05/09/2023 03:00aa
07HPE Game Creation Booklet,Health & PE 07 7 R,Ms C Woodgate,webBook,24/07/2023 08:00aa,,05/09/2023 03:00aa
11BIO FIA3 - Research Investigation,Biology 11 11 A,Miss C Litherland,Not Assessable,31/07/2023 09:00aa,22/08/2023 04:00aa,05/09/2023 04:00aa
11BIO FIA3 - Research Investigation,Biology 11 11 B,Mr M Hall,Not Assessable,31/07/2023 09:00aa,22/08/2023 04:00aa,05/09/2023 04:00aa
07MUS Composition,Music 07 7 6,Ms C Sharp,webBook,12/07/2023 10:02aa,,06/09/2023 03:00aa
07HPE Game Creation Booklet,Health & PE 07 7 B,Ms E Ball,webBook,24/07/2023 08:00aa,,07/09/2023 03:00aa
07HPE Game Creation Booklet,Health & PE 07 7 P,Ms C Woodgate,webBook,24/07/2023 08:00aa,,07/09/2023 03:00aa
07Health Video Presentation,Health 07 7 W1,Mr T Hughes,Not Assessable,24/07/2023 08:00aa,,07/09/2023 03:00aa
08BES Business Powerpoint,Business 08 8 B,Mr P Mitchell,webBook,24/07/2023 08:30aa,04/08/2023 08:30aa,07/09/2023 04:00aa
08BES Business Powerpoint,Business 08 8 P,Miss K Hennessy,webBook,24/07/2023 08:30aa,04/08/2023 08:30aa,07/09/2023 04:00aa
08BES Business Powerpoint,Business 08 8 W,Mr P Mitchell,webBook,24/07/2023 08:30aa,04/08/2023 08:30aa,07/09/2023 04:00aa
08 HPE - Sport Education,Health & PE 08 8 B,Ms E Ball,webBook,15/07/2023 05:36aa,,08/09/2023 09:00aa
08 HPE - Sport Education,Health & PE 08 8 G,Mrs C Wise,webBook,15/07/2023 05:36aa,,08/09/2023 09:00aa
08 HPE - Sport Education,Health & PE 08 8 P,Mr R Jarvis,webBook,15/07/2023 05:36aa,,08/09/2023 09:00aa
08 HPE - Sport Education,Health & PE 08 8 R,Mr T Hughes,webBook,15/07/2023 05:36aa,,08/09/2023 09:00aa
08 HPE - Sport Education,Health & PE 08 8 W,Mr J O'Hare,webBook,15/07/2023 05:36aa,,08/09/2023 09:00aa
11DIS-FIA2-Project-Digital Solution,Digital Solutions 11 11 A,Mr D Fenwick,webBook,18/07/2023 02:15aa,11/08/2023 12:45aa,08/09/2023 12:45aa
07HPE Game Creation Booklet,Health & PE 07 7 W,Ms E Ball,webBook,24/07/2023 08:00aa,,08/09/2023 03:00aa
07Health Video Presentation,Health 07 7 G1,Ms C Woodgate,Not Assessable,24/07/2023 08:00aa,,08/09/2023 03:00aa
07Health Video Presentation,Health 07 7 R1,Mr R Jarvis,Not Assessable,24/07/2023 08:00aa,,08/09/2023 03:00aa
08MUS Arrangement/composition,Music 08 8 3,Ms C Sharp,webBook,14/07/2023 11:40aa,30/08/2023 03:00aa,08/09/2023 03:00aa
Design Brief - What's In Your Food Van,Food Technology 07 7 G2,Mrs N Kohn,webBook,31/07/2023 09:00aa,25/08/2023 04:00aa,08/09/2023 04:00aa
9HPE Athletics - Heptathlon,Health & PE 09 9 B,Mr T Hughes,webBook,13/07/2023 08:36aa,,08/09/2023 09:00aa
9HPE Athletics - Heptathlon,Health & PE 09 9 W,Mr A Setterfield,webBook,13/07/2023 08:49aa,,08/09/2023 09:00aa
9HPE Athletics - Heptathlon,Health & PE 09 9 R,Mr A Setterfield,webBook,13/07/2023 08:49aa,,08/09/2023 09:00aa
9HPE Athletics - Heptathlon,Health & PE 09 9 P,Mr R Jarvis,webBook,13/07/2023 08:49aa,,08/09/2023 09:00aa
9HPE Athletics - Heptathlon,Health & PE 09 9 G,Ms C Woodgate,webBook,13/07/2023 08:49aa,,08/09/2023 09:00aa
Design Brief - What's In Your Food Van,Food Technology 07 7 R2,Ms L Bolger,webBook,31/07/2023 09:00aa,28/08/2023 04:00aa,11/09/2023 04:00aa
Design Brief - Healthy Food Court Food,Food Technology 08 8 R2,Mrs N Kohn,webBook,01/08/2023 09:00aa,31/08/2023 04:00aa,11/09/2023 05:00aa
10HIS-WWII-Research Essay,Humanities 10 B,Mr P Green,webBook,28/07/2023 09:00aa,01/09/2023 11:45aa,11/09/2023 11:45aa
10HIS-WWII-Research Essay,Humanities 10 G,Mr J Andrews,webBook,28/07/2023 09:00aa,01/09/2023 11:45aa,11/09/2023 11:45aa
10HIS-WWII-Research Essay,Humanities 10 P,Dr M Portch,webBook,28/07/2023 09:00aa,01/09/2023 11:45aa,11/09/2023 11:45aa
10HIS-WWII-Research Essay,Humanities 10 R,Mr J Andrews,webBook,28/07/2023 09:00aa,01/09/2023 11:45aa,11/09/2023 11:45aa
10HIS-WWII-Research Essay,Humanities 10 W,Mrs S Hill,webBook,28/07/2023 09:00aa,01/09/2023 11:45aa,11/09/2023 11:45aa
10HIS-WWII-Research Essay,Humanities 10 Y,Mr P Green,webBook,28/07/2023 09:00aa,01/09/2023 11:45aa,11/09/2023 11:45aa
Design Brief - What's In Your Food Van,Food Technology 07 7 W2,Ms L Bolger,webBook,31/07/2023 09:00aa,28/08/2023 04:00aa,12/09/2023 04:00aa
Design Brief - Healthy Food Court Food,Food Technology 08 8 G2,Ms J Peterson,webBook,01/08/2023 09:00aa,29/08/2023 04:00aa,12/09/2023 05:00aa
11 Economics - FIA 4,Economics 11 11 A,Mr N Woods,Not Assessable,04/08/2023 08:30aa,01/09/2023 03:00aa,13/09/2023 03:00aa
12 Hop Project Cafe Event,Hospitality Practices 12 12 A,Mrs J Svehla,webBook,02/06/2023 06:49aa,09/08/2023 04:00aa,13/09/2023 04:00aa
IA4 - Exam,Mathematics 10 10 B,Ms J Colwell,Not Assessable,20/10/2023 01:32aa,,20/10/2023 02:00aa
FIA 4 Exam,Chemistry 11 A,Ms J Colwell,Not Assessable,23/10/2023 01:38aa,,23/10/2023 02:00aa
09MUS Performing Task,Music 09 9 B,Ms C Sharp,webBook,12/07/2023 11:01aa,20/10/2023 03:00aa,27/10/2023 03:00aa
10CST Negotiated Project Assessment,Computer Studies 10 A,Mrs Allan-Barbagallo,webBook,11/07/2023 11:00aa,10/08/2023 10:44aa,06/11/2023 09:00aa
10 HPE Active Lives,Health & PE 10 10 B,Ms E Ball,Not Assessable,14/07/2023 09:47aa,,10/11/2023 04:00aa
10 HPE Active Lives,Health & PE 10 10 G,Mr A Setterfield,Not Assessable,14/07/2023 09:47aa,,10/11/2023 04:00aa
10 HPE Active Lives,Health & PE 10 10 P,Mr R Jarvis,Not Assessable,14/07/2023 09:47aa,,10/11/2023 04:00aa
10 HPE Active Lives,Health & PE 10 10 R,Mr M Hall,Not Assessable,14/07/2023 09:47aa,,10/11/2023 04:00aa
10 HPE Active Lives,Health & PE 10 10 W,Mr T Hughes,Not Assessable,14/07/2023 09:47aa,,10/11/2023 04:00aa
10 HPE Active Lives,Health & PE 10 10 Y,Ms E Ball,Not Assessable,14/07/2023 09:47aa,,10/11/2023 04:00aa
09MUS Composing Task,Music 09 9 B,Ms C Sharp,webBook,12/07/2023 03:30aa,10/11/2023 03:00aa,17/11/2023 03:00aa
Make Your Food Instagram Worthy,Food Technology 09 9 E,Mrs J Svehla,webBook,04/09/2023 09:00aa,06/11/2023 04:00aa,20/11/2023 04:00aa
Make Your Food Instagram Worthy,Food Technology 09 9 D,Mrs M Linley-McGowan,webBook,04/09/2023 09:00aa,06/11/2023 04:00aa,21/11/2023 04:00aa
Make Your Food Instagram Worthy,Food Technology 09 9 F,Mrs N Kohn,webBook,04/09/2023 09:00aa,03/11/2023 04:00aa,21/11/2023 04:00aa
09MUS Responding/presentation,Music 09 9 B,Ms C Sharp,webBook,12/07/2023 10:52aa,17/11/2023 03:00aa,24/11/2023 03:00aa